cost_function,SAC adversary BScaledSum mean diff 1-15-15,baseline,imitator_FGM_5%,Optimal myBB no init
annual_peak_average,1.059323221574427,0.9999999999998692,1.0273181426132638,1.727378353245115
carbon_emissions_total,0.9105430735637918,0.9079283441870016,0.915260322609685,3.0837601202837
cost_total,0.8145204755797295,0.8148639393653895,0.8228447924037375,2.8351978681104364
daily_one_minus_load_factor_average,1.1588231886218816,1.2404798061506983,1.216849987044589,0.9632679713040422
daily_peak_average,0.9598529615134352,0.946943698921019,0.9640376634184606,2.9473280573177187
electricity_consumption_total,0.9231464618228172,0.9195612012590544,0.9271467327846484,3.127813867375733
monthly_one_minus_load_factor_average,0.9902532860185672,0.9818264641616492,0.9938263936700548,1.0043342296937963
ramping_average,1.20864389273686,1.190550891888315,1.234973629600008,16.402205739454953
zero_net_energy,1.1054898647959277,1.1049390202780511,1.104974553960176,1.6989753404725962
