Wall time,Step,Value
1706652233.8779602,5256572,-6331.611328125
1706662454.099086,6132472,-6763.25537109375
1706672694.7561984,7008372,-6653.701171875
1706682947.1172671,7884272,-6584.07421875
1706693231.4158514,8760172,-6536.2646484375
