Wall time,Step,Value
1705267625.8367455,4555852,-6543.17919921875
1705272834.2563367,4731032,-6587.818359375
1705277997.4837167,4906212,-6615.84619140625
1705283044.7100513,5081392,-6615.45849609375
1705288104.705157,5256572,-6563.27685546875
1705293177.4468434,5431752,-6597.83056640625
1705298237.3661706,5606932,-6575.7197265625
1705303283.88169,5782112,-6608.0341796875
1705308319.8788645,5957292,-6592.41943359375
1705313360.3044298,6132472,-6601.54248046875
