Wall time,Step,Value
1705554976.9279814,5256572,-6810.146484375
1705565175.5404127,6132472,-6718.6240234375
1705575387.8854072,7008372,-6663.63916015625
1705585579.860371,7884272,-6592.84423828125
1705595802.6114016,8760172,-6591.6142578125
