Wall time,Step,Value
1705117007.8351042,2804812,-7599.62939453125
1705122107.0064616,2979992,-7770.90576171875
1705127207.2236338,3155172,-7467.908203125
1705132313.5220766,3330352,-7232.47705078125
1705137412.9808643,3505532,-7094.7373046875
1705142520.6011534,3680712,-6965.2880859375
1705147632.6842532,3855892,-6902.4833984375
1705152705.739902,4031072,-6858.26513671875
1705157665.1935449,4206252,-6834.279296875
1705162636.8102064,4381432,-6839.248046875
