,MMD,p_value
untargeted_mybb_acg,0.0005472898483276,0.0
dynamic_untargeted_acg,0.0001614093780517578,0.9998999834060669
