cost_function,baseline,SAC adversary BScaledSum mean diff 1-15-15,dynamic_untargeted_acg
annual_peak_average,1.1286258831810172,1.0,1.0099857090638873
carbon_emissions_total,0.9171460049705448,0.9213876489639542,0.9276507133964418
cost_total,0.8593401038995282,0.8547540185497803,0.8519445818583881
daily_one_minus_load_factor_average,1.0220212962520845,1.0230391308539684,1.17182503513398
daily_peak_average,0.9643103819293228,0.9798628902687252,0.9749183127151708
electricity_consumption_total,0.9215284311744024,0.928116053218702,0.9362155332589631
monthly_one_minus_load_factor_average,0.991403013013915,0.9903562307630256,0.9844495422340759
ramping_average,1.2200533006736445,1.2491494164830024,1.3199620193920376
zero_net_energy,1.097346280338309,1.0983641152743515,1.0999419156919439
