{"epsilon": [0.0, 0.0, 0.0, 0.0, 0.0, 0.0, 0.03, 0.03, 0.03, 0.03, 0.03, 0.03, 0.03, 0.03, 0.03, 0.03, 0.03, 0.03, 0.03, 0.03, 0.03, 0.03, 0.03, 0.03, 0.00012, 0.03, 0.00048, 0.03, 0.03, 0.03, 0.03], "step": 0.01, "num_iter": 100, "num_decay": 4, "decay_rate": 0.5, "loss_fn": "DLLoss"}