cost_function,District,District
annual_peak_average,1.0,1.727378353245115
carbon_emissions_total,0.9894940160157979,3.224325382800532
cost_total,0.9711371085879521,3.014371648218246
daily_one_minus_load_factor_average,0.9933885982299174,0.9604860526708817
daily_peak_average,1.0021024243795296,2.935352109382739
electricity_consumption_total,0.992622901750939,3.266285506088217
monthly_one_minus_load_factor_average,0.9977858125111834,1.0027460249099103
ramping_average,1.116376239288545,17.408588203814887
zero_net_energy,1.0200190214674019,1.729169797435994
