Wall time,Step,Value
1706655623.5495625,175180,7825.01953125
1706665854.7193203,350360,7024.58740234375
1706676099.7776058,525540,6773.642578125
1706686365.7395642,700720,6780.77197265625
1706696655.911233,875900,6634.63916015625
