Wall time,Step,Value
1707020329.1981502,9636072,-6522.55322265625
1707026439.749046,10511972,-6499.52392578125
