cost_function,baseline,optimal_myBB
annual_peak_average,0.9999999999999939,1.8146307686041299
carbon_emissions_total,0.8802658624693166,3.2154630714032444
cost_total,0.8100951519540438,2.9464623082112222
daily_one_minus_load_factor_average,1.0494639648163566,0.96107800096922
daily_peak_average,0.9010925768347446,2.951620938975712
electricity_consumption_total,0.8923038560008171,3.2583255895885244
monthly_one_minus_load_factor_average,0.9852238879745708,1.0031122386607392
ramping_average,1.1060254343387481,17.333199453130593
zero_net_energy,1.0949996835934301,1.7249149679587723
