,cost_function,baseline,dynamic_untargeted_acg
0,annual_peak_average,1.2645237356841734,1.1814870155715953
1,carbon_emissions_total,0.9008348490324722,0.9142629880243397
2,cost_total,0.8159344988081216,0.8288883577820436
3,daily_one_minus_load_factor_average,1.04125538516861,1.0917100035064873
4,daily_peak_average,0.9497534021758492,0.9810742288786065
5,electricity_consumption_total,0.907421826225536,0.9228822695084202
6,monthly_one_minus_load_factor_average,0.9952015807922484,0.9973247196341095
7,ramping_average,1.2152812716956252,1.312960837152191
8,zero_net_energy,1.1084442583721958,1.1078465873007952
