,Unnamed: 0,Unnamed: 0.1,furthest action 0.05,furthest action 0.1
0,0,0,0.9522776572668112,0.9977166343189862
