,cost_function,baseline,dynamic_untargeted_acg
0,annual_peak_average,1.0,0.9999999999999727
1,carbon_emissions_total,0.8992552461369172,0.9223779779104382
2,cost_total,0.8029325580524292,0.8243697618049795
3,daily_one_minus_load_factor_average,1.116046307695517,1.1159518679341367
4,daily_peak_average,0.951230720441357,0.9770901017599498
5,electricity_consumption_total,0.91610463421526,0.938876088515849
6,monthly_one_minus_load_factor_average,0.9784401975712668,0.9867943427259858
7,ramping_average,1.1564795055504835,1.3122904894073757
8,zero_net_energy,1.1076310682848478,1.1077307220329295
