cost_function,baseline,SAC adversary BScaledSum mean diff 1-15-15,dynamic_untargeted_acg
annual_peak_average,1.0644019931299469,1.0,1.185632628677718
carbon_emissions_total,0.9222008452380016,0.926496178868926,0.9558662359310899
cost_total,0.8442196349825513,0.8494614034531428,0.8853041479721739
daily_one_minus_load_factor_average,1.0152551724269827,1.0168980215481025,1.014309738299052
daily_peak_average,0.9754116317908956,0.9796468140190312,1.0459302415383689
electricity_consumption_total,0.9349150789375952,0.9413945032130322,0.9643910216440449
monthly_one_minus_load_factor_average,0.9895137308264306,0.9917861869665116,0.9943445090787116
ramping_average,1.201449905875049,1.2037513952979455,1.3768885260437411
zero_net_energy,1.0853382938838965,1.0839077769134742,1.0876324886408122
