cost_function,0,1,2,3,4,mean,std,variance
annual_peak_average,1.727378353245115,1.727378353245115,1.727378353245115,1.727378353245115,1.727378353245115,1.7273783532451152,2.482534153247273e-16,6.162975822039155e-32
carbon_emissions_total,3.0792571332117267,3.078936312515774,3.0810679495631117,3.0791843254450733,3.081705372922127,3.0800302187315625,0.0012642047226380784,1.5982135807404206e-06
cost_total,2.828683350594557,2.8241734602827306,2.831263033737237,2.8290901409878253,2.832378133140604,2.829117623748591,0.0031570479235509537,9.966951591597388e-06
daily_one_minus_load_factor_average,0.963318864382382,0.9632031762681318,0.9632595408394539,0.962942988365939,0.9632599538389225,0.9631969047389658,0.00014772058191151095,2.1821370320275412e-08
daily_peak_average,2.946905743467417,2.946311668968864,2.9469145976982847,2.9413268249627964,2.9469151688132835,2.9456748007821294,0.0024444490152823574,5.975330988314887e-06
electricity_consumption_total,3.123485381279124,3.1232927157908237,3.125872077861959,3.1237665181996728,3.126319268477462,3.1245471923218084,0.00143232169379531,2.0515454345166656e-06
monthly_one_minus_load_factor_average,1.0043748073908665,1.0043505605353922,1.0042395722832846,1.0034929814522549,1.0043419241963654,1.0041599691716327,0.00037642975194391963,1.4169935814856085e-07
ramping_average,16.375606028839883,16.377339767739524,16.391422967340237,16.37815196331813,16.392412679241758,16.382986681295908,0.00821213310917864,6.743913020286803e-05
zero_net_energy,1.6983598458922446,1.6987447981150567,1.6989308377016077,1.699097526519478,1.6989146711508079,1.698809535875839,0.00028067696236841634,7.87795572043614e-08
