cost_function,baseline,SAC adversary BScaledSum mean diff 1-15-15,dynamic_untargeted_acg
annual_peak_average,1.1037713831644398,1.128625910832231,1.3678053362208498
carbon_emissions_total,0.8967344083965515,0.8916500373565807,0.9134604005577304
cost_total,0.8119755675027898,0.8014879706987876,0.8280885232023405
daily_one_minus_load_factor_average,1.027664757539144,1.1422339551395435,1.1159700012990588
daily_peak_average,0.936634967280315,0.9261525414468724,0.9867881074088801
electricity_consumption_total,0.9071771186753302,0.9056906241888748,0.9242156758810146
monthly_one_minus_load_factor_average,0.979942511341688,0.984136113605996,0.9960983844660075
ramping_average,1.1230676796386003,1.1314153674921206,1.292158435594046
zero_net_energy,1.107570955336891,1.1083443013249323,1.106843443462662
